{
  "version": "2022.2",
  "applications": [],
  "platforms": [],
  "systems": [
    {
      "name": "SmartHelHellow_World_system",
      "platform": "C:/Users/saban/workspace/smart_helmet_wrapper_QSPI_IMG_2/export/smart_helmet_wrapper_QSPI_IMG_2/smart_helmet_wrapper_QSPI_IMG_2.xpfm",
      "sysConfig": "smart_helmet_wrapper_QSPI_IMG_2",
      "buildConfig": "Debug",
      "applications": [
        {
          "name": "SmartHelHellow_World",
          "platform": "C:/Users/saban/workspace/smart_helmet_wrapper_QSPI_IMG_2/export/smart_helmet_wrapper_QSPI_IMG_2/smart_helmet_wrapper_QSPI_IMG_2.xpfm",
          "platformPath": "C:\\Users\\saban\\workspace\\smart_helmet_wrapper_QSPI_IMG_2\\export\\smart_helmet_wrapper_QSPI_IMG_2",
          "sysConfig": "smart_helmet_wrapper_QSPI_IMG_2",
          "domain": "standalone_ps7_cortexa9_0",
          "system": "SmartHelHellow_World_system"
        }
      ],
      "platformPath": "C:\\Users\\saban\\workspace\\smart_helmet_wrapper_QSPI_IMG_2\\export\\smart_helmet_wrapper_QSPI_IMG_2"
    },
    {
      "name": "smart_helmet_wrapp_QSPI_IMG_system",
      "platform": "C:/Users/saban/workspace/smart_helmet_wrapper_QSPI_IMG_1/export/smart_helmet_wrapper_QSPI_IMG_1/smart_helmet_wrapper_QSPI_IMG_1.xpfm",
      "sysConfig": "smart_helmet_wrapper_QSPI_IMG_1",
      "buildConfig": "Debug",
      "applications": [
        {
          "name": "smart_helmet_wrapp_QSPI_IMG",
          "platform": "C:/Users/saban/workspace/smart_helmet_wrapper_QSPI_IMG_1/export/smart_helmet_wrapper_QSPI_IMG_1/smart_helmet_wrapper_QSPI_IMG_1.xpfm",
          "platformPath": "C:\\Users\\saban\\workspace\\smart_helmet_wrapper_QSPI_IMG_1\\export\\smart_helmet_wrapper_QSPI_IMG_1",
          "sysConfig": "smart_helmet_wrapper_QSPI_IMG_1",
          "domain": "standalone_ps7_cortexa9_0",
          "system": "smart_helmet_wrapp_QSPI_IMG_system"
        }
      ],
      "platformPath": "C:\\Users\\saban\\workspace\\smart_helmet_wrapper_QSPI_IMG_1\\export\\smart_helmet_wrapper_QSPI_IMG_1"
    }
  ],
  "others": []
}