{
  "version": "2022.2",
  "applications": [],
  "platforms": [],
  "systems": [
    {
      "name": "SmartHelmet_UART_DDR3L_system",
      "platform": "C:/Users/saban/workspace/smart_helmet_wrapper_UART_DDR3L/export/smart_helmet_wrapper_UART_DDR3L/smart_helmet_wrapper_UART_DDR3L.xpfm",
      "sysConfig": "smart_helmet_wrapper_UART_DDR3L",
      "buildConfig": "Debug",
      "applications": [
        {
          "name": "SmartHelmet_UART_DDR3L",
          "platform": "C:/Users/saban/workspace/smart_helmet_wrapper_UART_DDR3L/export/smart_helmet_wrapper_UART_DDR3L/smart_helmet_wrapper_UART_DDR3L.xpfm",
          "platformPath": "C:\\Users\\saban\\workspace\\smart_helmet_wrapper_UART_DDR3L\\export\\smart_helmet_wrapper_UART_DDR3L",
          "sysConfig": "smart_helmet_wrapper_UART_DDR3L",
          "domain": "standalone_ps7_cortexa9_0",
          "system": "SmartHelmet_UART_DDR3L_system"
        }
      ],
      "platformPath": "C:\\Users\\saban\\workspace\\smart_helmet_wrapper_UART_DDR3L\\export\\smart_helmet_wrapper_UART_DDR3L"
    }
  ],
  "others": []
}